{
  "diagnostic_bronchoscopy": 0.5500000000000002,
  "bal": 0.7500000000000002,
  "bronchial_wash": 0.8000000000000002,
  "brushings": 0.7500000000000002,
  "endobronchial_biopsy": 0.8500000000000002,
  "tbna_conventional": 0.8000000000000002,
  "linear_ebus": 0.7000000000000002,
  "radial_ebus": 0.7000000000000002,
  "navigational_bronchoscopy": 0.7000000000000002,
  "transbronchial_biopsy": 0.7000000000000002,
  "transbronchial_cryobiopsy": 0.8000000000000002,
  "therapeutic_aspiration": 0.8000000000000002,
  "foreign_body_removal": 0.8500000000000002,
  "airway_dilation": 0.8000000000000002,
  "airway_stent": 0.8500000000000002,
  "thermal_ablation": 0.7500000000000002,
  "tumor_debulking_non_thermal": 0.8500000000000002,
  "cryotherapy": 0.8500000000000002,
  "blvr": 0.8000000000000002,
  "peripheral_ablation": 0.8500000000000002,
  "bronchial_thermoplasty": 0.6500000000000001,
  "whole_lung_lavage": 0.7500000000000002,
  "rigid_bronchoscopy": 0.7500000000000002,
  "thoracentesis": 0.8500000000000002,
  "chest_tube": 0.8000000000000002,
  "ipc": 0.8500000000000002,
  "medical_thoracoscopy": 0.8500000000000002,
  "pleurodesis": 0.8500000000000002,
  "fibrinolytic_therapy": 0.7500000000000002,
  "percutaneous_tracheostomy": 0.5,
  "peg_insertion": 0.5
}